,OS,OS.time
TCGA.BH.A0BQ.01,0,2255.0
TCGA.BH.A0BT.01,0,2365.0
TCGA.BH.A0C7.01,0,2767.0
TCGA.BH.A18J.01,1,612.0
TCGA.BH.A0W7.01,0,1363.0
TCGA.BH.A0HA.01,0,1611.0
TCGA.EW.A1OZ.01,0,1229.0
TCGA.E2.A1II.01,0,1025.0
TCGA.C8.A273.01,0,513.0
TCGA.BH.A1EO.01,1,2798.0
TCGA.EW.A1P5.01,0,703.0
TCGA.A2.A1G0.01,0,616.0
TCGA.AR.A24S.01,0,2976.0
TCGA.D8.A1XA.01,0,839.0
TCGA.D8.A1XR.01,0,482.0
TCGA.E2.A1IJ.01,0,865.0
TCGA.GM.A2DH.01,0,2193.0
TCGA.B6.A0IH.01,1,3418.0
TCGA.AR.A1AQ.01,0,3021.0
TCGA.A1.A0SN.01,0,1196.0
TCGA.BH.A18T.01,1,224.0
TCGA.E9.A22B.01,0,1167.0
TCGA.A2.A04U.01,0,2654.0
TCGA.D8.A1Y2.01,0,433.0
TCGA.E9.A229.01,0,1148.0
TCGA.E2.A14Z.01,1,563.0
TCGA.D8.A1Y1.01,1,302.0
TCGA.A7.A13E.01,1,614.0
TCGA.E2.A14R.01,0,1174.0
TCGA.E2.A1IK.01,0,1800.0
TCGA.E2.A1IU.01,0,337.0
TCGA.AR.A2LE.01,0,5062.0
TCGA.E2.A1L7.01,0,1836.0
TCGA.E2.A14T.01,0,2311.0
TCGA.GM.A2DM.01,0,3226.0
TCGA.AO.A12F.01,0,1842.0
TCGA.AC.A3HN.01,0,496.0
TCGA.C8.A1HN.01,0,394.0
TCGA.A2.A25C.01,0,523.0
TCGA.E9.A1N4.01,0,1000.0
TCGA.B6.A0RH.01,1,6456.0
TCGA.AQ.A1H3.01,0,989.0
TCGA.E2.A15R.01,0,1732.0
TCGA.E9.A295.01,0,375.0
TCGA.BH.A18N.01,1,1148.0
TCGA.BH.A1FL.01,1,1673.0
TCGA.AC.A2FB.01,0,1234.0
TCGA.D8.A1JP.01,0,639.0
TCGA.BH.A0BW.01,0,2371.0
TCGA.E9.A1R5.01,0,92.0
TCGA.D8.A1JS.01,0,371.0
TCGA.AR.A1AJ.01,0,3072.0
TCGA.BH.A0BZ.01,0,2255.0
TCGA.AR.A24P.01,0,84.0
TCGA.BH.A0DI.01,0,912.0
TCGA.A2.A25B.01,0,1291.0
TCGA.BH.A18G.01,0,149.0
TCGA.A2.A1FZ.01,0,683.0
TCGA.BH.A1FC.01,1,3472.0
TCGA.E2.A14W.01,0,974.0
TCGA.AR.A24Z.01,0,3001.0
TCGA.AQ.A0Y5.01,1,172.0
TCGA.BH.A201.01,0,856.0
TCGA.AR.A24H.01,0,4894.0
TCGA.C8.A275.01,0,1.0
TCGA.BH.A18P.01,1,921.0
TCGA.A7.A26E.01,0,954.0
TCGA.BH.A2L8.01,0,612.0
TCGA.E2.A1IF.01,0,1138.0
TCGA.E9.A1N8.01,0,1039.0
TCGA.E9.A247.01,0,1186.0
TCGA.D8.A27E.01,0,530.0
TCGA.EW.A1P0.01,0,1251.0
TCGA.C8.A1HF.01,0,332.0
TCGA.E9.A244.01,0,21.0
TCGA.E2.A15C.01,0,694.0
TCGA.BH.A18I.01,0,1093.0
TCGA.C8.A1HL.01,0,317.0
TCGA.C8.A3M8.01,0,394.0
TCGA.AR.A24W.01,0,1550.0
TCGA.A2.A04W.01,0,3102.0
TCGA.D8.A13Y.01,0,1728.0
TCGA.AR.A2LO.01,0,1198.0
TCGA.BH.A1FG.01,1,3736.0
TCGA.AR.A0TS.01,0,2558.0
TCGA.D8.A1XG.01,0,448.0
TCGA.D8.A1JJ.01,0,611.0
TCGA.D8.A145.01,0,410.0
TCGA.C8.A12M.01,0,358.0
TCGA.C8.A1HJ.01,0,5.0
TCGA.E9.A1RB.01,1,976.0
TCGA.E9.A1R6.01,0,339.0
TCGA.E9.A1R3.01,0,78.0
TCGA.D8.A1JK.01,0,612.0
TCGA.D8.A27L.01,0,499.0
TCGA.D8.A1JG.01,0,1612.0
TCGA.C8.A133.01,0,0.0
TCGA.AR.A1AY.01,0,1026.0
TCGA.AR.A24L.01,1,2866.0
TCGA.BH.A1EW.01,1,1694.0
TCGA.E2.A15O.01,0,1545.0
TCGA.E2.A1LI.01,0,3121.0
TCGA.D8.A1XV.01,0,461.0
TCGA.AR.A255.01,0,2161.0
TCGA.AR.A1AS.01,0,1150.0
TCGA.GM.A2DB.01,0,2406.0
TCGA.EW.A1PH.01,0,607.0
TCGA.C8.A1HG.01,0,345.0
TCGA.BH.A18L.01,1,811.0
TCGA.GM.A2DK.01,0,2645.0
TCGA.E2.A1L9.01,0,598.0
TCGA.C8.A12L.01,0,363.0
TCGA.D8.A1XY.01,0,503.0
TCGA.AR.A1AL.01,0,2971.0
TCGA.D8.A1J9.01,0,532.0
TCGA.AR.A1AX.01,0,2629.0
TCGA.BH.A1F6.01,1,2965.0
TCGA.BH.A18V.01,1,1556.0
TCGA.AR.A1AP.01,0,2856.0
TCGA.AC.A2QH.01,0,1005.0
TCGA.AR.A24M.01,0,3660.0
TCGA.EW.A1OV.01,0,789.0
TCGA.E2.A1L8.01,0,2240.0
TCGA.E2.A14Q.01,0,1163.0
TCGA.BH.A18H.01,0,652.0
TCGA.A7.A26J.01,0,627.0
TCGA.D8.A27W.01,0,373.0
TCGA.GM.A2DL.01,0,3519.0
TCGA.EW.A1J6.01,0,875.0
TCGA.E2.A159.01,0,762.0
TCGA.D8.A1Y3.01,0,430.0
TCGA.E2.A14V.01,0,1042.0
TCGA.D8.A1JB.01,0,1688.0
TCGA.C8.A134.01,0,383.0
TCGA.GM.A2DN.01,0,3091.0
TCGA.AO.A12D.01,0,2515.0
TCGA.C8.A274.01,0,508.0
TCGA.E9.A1NE.01,0,1088.0
TCGA.BH.A0BP.01,1,2296.0
TCGA.AR.A2LM.01,0,1935.0
TCGA.BH.A1FR.01,1,1642.0
TCGA.B6.A0I1.01,1,2361.0
TCGA.D8.A1XU.01,0,395.0
TCGA.E2.A15G.01,0,554.0
TCGA.EW.A2FS.01,0,1604.0
TCGA.E2.A1LH.01,0,3247.0
TCGA.A2.A25D.01,0,552.0
TCGA.E9.A243.01,0,612.0
TCGA.BH.A0E9.01,0,2489.0
TCGA.D8.A1X9.01,0,727.0
TCGA.E2.A14P.01,0,1246.0
TCGA.E2.A15I.01,0,1692.0
TCGA.BH.A0H5.01,0,1620.0
TCGA.E9.A227.01,0,975.0
TCGA.EW.A2FV.01,0,788.0
TCGA.BH.A0BG.01,0,1871.0
TCGA.E2.A1LA.01,0,748.0
TCGA.AR.A24O.01,0,3607.0
TCGA.EW.A2FW.01,0,672.0
TCGA.GM.A2DA.01,1,6593.0
TCGA.E9.A1NH.01,0,576.0
TCGA.AO.A12A.01,0,3112.0
TCGA.EW.A1IW.01,0,371.0
TCGA.C8.A12K.01,0,0.0
TCGA.BH.A0BS.01,0,2612.0
TCGA.AR.A2LK.01,1,1649.0
TCGA.E9.A1NA.01,0,1112.0
TCGA.BH.A18K.01,1,2763.0
TCGA.D8.A1JL.01,0,611.0
TCGA.C8.A132.01,0,383.0
TCGA.D8.A1XS.01,0,496.0
TCGA.D8.A1JT.01,0,405.0
TCGA.C8.A12Y.01,0,1476.0
TCGA.E9.A1QZ.01,0,755.0
TCGA.GM.A2D9.01,1,1812.0
TCGA.D8.A1X7.01,0,509.0
TCGA.BH.A1FJ.01,1,1927.0
TCGA.EW.A1J1.01,0,575.0
TCGA.D8.A142.01,0,425.0
TCGA.E9.A1N9.01,0,1101.0
TCGA.D8.A1XC.01,1,377.0
TCGA.C8.A131.01,0,411.0
TCGA.E2.A1AZ.01,0,2329.0
TCGA.C8.A138.01,0,380.0
TCGA.BH.A0BF.01,1,1324.0
TCGA.BH.A1FH.01,1,1034.0
TCGA.AR.A24U.01,0,3128.0
TCGA.A1.A0SG.01,0,434.0
TCGA.B6.A0X0.01,1,3945.0
TCGA.AR.A254.01,0,2605.0
TCGA.D8.A1Y0.01,0,472.0
TCGA.BH.A18R.01,1,1142.0
TCGA.E9.A1NG.01,1,786.0
TCGA.BH.A18M.01,1,2207.0
TCGA.D8.A27H.01,0,397.0
TCGA.E9.A1RH.01,0,1417.0
TCGA.E9.A22G.01,0,1239.0
TCGA.AR.A1AW.01,0,2632.0
TCGA.A7.A2KD.01,0,679.0
TCGA.EW.A1P4.01,0,907.0
TCGA.E9.A245.01,0,26.0
TCGA.C8.A3M7.01,1,1034.0
TCGA.BH.A0DV.01,0,2064.0
TCGA.D8.A27T.01,0,398.0
TCGA.EW.A1J3.01,0,504.0
TCGA.AC.A2BM.01,0,3022.0
TCGA.A2.A0T3.01,0,1516.0
TCGA.GM.A2DC.01,0,2535.0
TCGA.C8.A12Q.01,1,385.0
TCGA.E9.A2JT.01,0,288.0
TCGA.E9.A1R7.01,0,1467.0
TCGA.E2.A1LL.01,0,1309.0
TCGA.E9.A1R0.01,0,860.0
TCGA.EW.A1PE.01,0,320.0
TCGA.E2.A156.01,0,726.0
TCGA.E2.A14Y.01,0,2109.0
TCGA.D8.A1JN.01,0,620.0
TCGA.A2.A0ES.01,0,2190.0
TCGA.BH.A1F2.01,1,959.0
TCGA.BH.A0B0.01,0,2477.0
TCGA.D8.A13Z.01,0,635.0
TCGA.A1.A0SI.01,0,635.0
TCGA.E2.A14O.01,0,1359.0
TCGA.EW.A1P3.01,0,1611.0
TCGA.AR.A24V.01,0,3203.0
TCGA.A7.A13F.01,0,765.0
TCGA.AR.A1AU.01,0,2868.0
TCGA.E2.A1IE.01,0,2362.0
TCGA.A7.A26G.01,0,722.0
TCGA.AO.A12H.01,0,1234.0
TCGA.AC.A2FG.01,0,1853.0
TCGA.E2.A154.01,0,591.0
TCGA.A2.A0EW.01,1,1884.0
TCGA.BH.A0AU.01,0,1914.0
TCGA.BH.A1ET.01,1,2520.0
TCGA.AO.A03V.01,0,1351.0
TCGA.C8.A135.01,0,393.0
TCGA.AR.A24N.01,0,3035.0
TCGA.E9.A22D.01,0,1248.0
TCGA.D8.A1JH.01,0,426.0
TCGA.E9.A1RE.01,0,1419.0
TCGA.E2.A1BC.01,0,501.0
TCGA.AR.A24X.01,0,3004.0
TCGA.AC.A23C.01,0,585.0
TCGA.AC.A23H.01,1,174.0
TCGA.D8.A1XF.01,0,463.0
TCGA.D8.A1XK.01,0,441.0
TCGA.E2.A15D.01,0,526.0
TCGA.GM.A2DF.01,0,2155.0
TCGA.D8.A27M.01,0,410.0
TCGA.C8.A1HI.01,0,343.0
TCGA.A1.A0SF.01,0,1463.0
TCGA.E9.A1RF.01,0,200.0
TCGA.E9.A1RI.01,0,1449.0
TCGA.BH.A0DL.01,0,2381.0
TCGA.AR.A251.01,0,3030.0
TCGA.E2.A1B5.01,0,984.0
TCGA.E9.A22H.01,0,1232.0
TCGA.BH.A0DE.01,0,2372.0
TCGA.BH.A18S.01,1,2009.0
TCGA.A2.A3KD.01,0,1206.0
TCGA.AC.A2FF.01,0,2759.0
TCGA.BH.A0H3.01,0,1928.0
TCGA.A2.A25F.01,0,322.0
TCGA.A7.A26F.01,0,738.0
TCGA.A7.A26H.01,0,724.0
TCGA.BH.A28Q.01,0,1119.0
TCGA.E2.A1LK.01,1,266.0
TCGA.BH.A209.01,1,3959.0
TCGA.GI.A2C8.01,0,225.0
TCGA.BH.A0EA.01,1,991.0
TCGA.E9.A1R4.01,0,186.0
TCGA.BH.A18F.01,0,1001.0
TCGA.AC.A3OD.01,0,451.0
TCGA.C8.A12V.01,0,385.0
TCGA.E9.A1RD.01,0,34.0
TCGA.A7.A13D.01,0,965.0
TCGA.D8.A1XQ.01,0,499.0
TCGA.D8.A141.01,0,626.0
TCGA.C8.A26V.01,0,616.0
TCGA.A2.A0CW.01,0,3283.0
TCGA.AR.A24K.01,0,1548.0
TCGA.C8.A27B.01,0,439.0
TCGA.D8.A143.01,0,431.0
TCGA.E9.A248.01,0,59.0
TCGA.A2.A04N.01,0,4354.0
TCGA.GM.A2DI.01,0,2590.0
TCGA.AO.A12B.01,0,2989.0
TCGA.BH.A0DT.01,0,2403.0
TCGA.D8.A140.01,0,403.0
TCGA.E2.A10A.01,0,1229.0
TCGA.C8.A26Y.01,0,394.0
TCGA.B6.A2IU.01,0,5176.0
TCGA.C8.A26Z.01,0,470.0
TCGA.D8.A27N.01,0,519.0
TCGA.D8.A27K.01,0,1461.0
TCGA.E2.A14X.01,0,972.0
TCGA.A2.A1G1.01,0,584.0
TCGA.A7.A26I.01,0,661.0
TCGA.A7.A0DA.01,0,1085.0
TCGA.E2.A15E.01,0,630.0
TCGA.E2.A1LG.01,0,1523.0
TCGA.E2.A15L.01,0,626.0
TCGA.E2.A15S.01,0,428.0
TCGA.E2.A1B1.01,0,2653.0
TCGA.C8.A27A.01,0,747.0
TCGA.D8.A1JI.01,0,577.0
TCGA.E9.A1N3.01,0,1059.0
TCGA.D8.A1JC.01,0,480.0
TCGA.E2.A15P.01,0,595.0
TCGA.C8.A1HE.01,0,375.0
TCGA.E2.A1IG.01,0,2140.0
TCGA.AR.A24Q.01,0,3172.0
TCGA.E2.A1B4.01,1,1004.0
TCGA.C8.A12T.01,0,0.0
TCGA.D8.A147.01,0,584.0
TCGA.D8.A27V.01,0,381.0
TCGA.E9.A228.01,0,1285.0
TCGA.D8.A1XM.01,0,538.0
TCGA.E2.A1IL.01,0,118.0
TCGA.E2.A150.01,0,1935.0
TCGA.BH.A0BO.01,0,2197.0
TCGA.BH.A1F0.01,1,785.0
TCGA.A2.A0CS.01,1,2348.0
TCGA.EW.A2FR.01,0,1673.0
TCGA.BH.A203.01,1,1174.0
TCGA.A2.A1FX.01,0,1847.0
TCGA.BH.A1EX.01,1,1508.0
TCGA.HN.A2NL.01,0,79.0
TCGA.E2.A1IO.01,0,1855.0
TCGA.BH.A1FM.01,1,1388.0
TCGA.D8.A1J8.01,0,431.0
TCGA.BH.A1F8.01,1,763.0
TCGA.A2.A0CV.01,0,3011.0
TCGA.B6.A0WS.01,1,2965.0
TCGA.BH.A1EV.01,1,365.0
TCGA.EW.A1IX.01,0,1208.0
TCGA.E2.A15K.01,0,275.0
TCGA.AR.A1AR.01,1,524.0
TCGA.E9.A1R2.01,0,1063.0
TCGA.AQ.A1H2.01,0,475.0
TCGA.E2.A15H.01,0,393.0
TCGA.AR.A1AV.01,0,1864.0
TCGA.C8.A12P.01,0,358.0
TCGA.C8.A12X.01,0,385.0
TCGA.E9.A226.01,1,1048.0
TCGA.E2.A158.01,0,450.0
TCGA.C8.A137.01,0,379.0
TCGA.BH.A0DD.01,0,2486.0
TCGA.A2.A259.01,0,1596.0
TCGA.EW.A1PA.01,0,575.0
TCGA.E9.A24A.01,0,747.0
TCGA.BH.A204.01,1,2534.0
TCGA.A1.A0SD.01,0,437.0
TCGA.E2.A1IN.01,0,675.0
TCGA.BH.A18U.01,1,1563.0
TCGA.D8.A1JF.01,0,366.0
TCGA.E2.A1IH.01,0,1026.0
TCGA.AR.A1AH.01,0,3807.0
TCGA.AR.A250.01,0,2707.0
TCGA.C8.A12U.01,0,385.0
TCGA.EW.A1P6.01,0,562.0
TCGA.BH.A0C1.01,1,1411.0
TCGA.BH.A0AV.01,0,1820.0
TCGA.D8.A1JD.01,0,552.0
TCGA.AC.A2FO.01,0,2255.0
TCGA.AR.A2LN.01,0,1161.0
TCGA.E2.A1BD.01,0,1133.0
TCGA.AR.A24R.01,0,3430.0
TCGA.D8.A1XT.01,0,506.0
TCGA.EW.A1IY.01,0,258.0
TCGA.A2.A1FW.01,0,528.0
TCGA.E2.A155.01,0,640.0
TCGA.EW.A1PB.01,0,608.0
TCGA.E2.A15M.01,1,336.0
TCGA.C8.A1HM.01,0,375.0
TCGA.D8.A27F.01,0,488.0
TCGA.E9.A1RC.01,0,1224.0
TCGA.D8.A1XB.01,0,552.0
TCGA.A2.A0D3.01,0,1873.0
TCGA.E2.A152.01,0,2128.0
TCGA.AC.A2B8.01,0,677.0
TCGA.E2.A1B0.01,0,1631.0
TCGA.BH.A1EU.01,1,1286.0
TCGA.AR.A1AK.01,0,3159.0
TCGA.E9.A2JS.01,1,904.0
TCGA.C8.A1HK.01,0,366.0
TCGA.BH.A1FN.01,1,2192.0
TCGA.A2.A25E.01,0,3204.0
TCGA.E9.A22E.01,0,1269.0
TCGA.BH.A18Q.01,1,1692.0
TCGA.A2.A1FV.01,0,714.0
TCGA.EW.A1P8.01,1,239.0
TCGA.C8.A26W.01,0,381.0
TCGA.E2.A1LB.01,0,2306.0
TCGA.BH.A0DX.01,0,2156.0
TCGA.EW.A1J5.01,0,477.0
TCGA.BH.A1F5.01,1,2712.0
TCGA.C8.A12W.01,0,385.0
TCGA.AO.A1KR.01,0,2513.0
TCGA.EW.A1PD.01,0,424.0
TCGA.E2.A14N.01,0,1434.0
TCGA.AR.A1AN.01,0,2920.0
TCGA.D8.A1X5.01,0,565.0
TCGA.AR.A256.01,1,2854.0
TCGA.C8.A12O.01,0,385.0
TCGA.E9.A249.01,0,217.0
TCGA.BH.A0AZ.01,0,1919.0
TCGA.D8.A1JE.01,0,575.0
TCGA.D8.A27R.01,0,307.0
TCGA.C8.A278.01,0,297.0
TCGA.A7.A13G.01,0,718.0
TCGA.D8.A27I.01,0,439.0
TCGA.BH.A0EI.01,0,1926.0
TCGA.E2.A15A.01,0,710.0
TCGA.BH.A1EY.01,1,538.0
TCGA.E9.A1NF.01,1,1072.0
TCGA.C8.A130.01,0,370.0
TCGA.D8.A1XL.01,0,606.0
TCGA.C8.A12N.01,0,358.0
TCGA.GM.A2DO.01,0,2596.0
TCGA.AC.A23E.01,0,698.0
TCGA.C8.A26X.01,0,376.0
TCGA.B6.A1KN.01,0,4233.0
TCGA.EW.A1OX.01,0,911.0
TCGA.BH.A0C3.01,0,2709.0
TCGA.E9.A22A.01,0,1189.0
TCGA.AR.A1AI.01,0,3296.0
TCGA.AC.A2BK.01,0,2222.0
TCGA.C8.A1HO.01,0,375.0
TCGA.D8.A1XO.01,0,1682.0
TCGA.E2.A15J.01,0,1640.0
TCGA.BH.A1FE.01,1,2273.0
TCGA.D8.A27G.01,0,409.0
TCGA.D8.A27P.01,0,49.0
TCGA.E2.A1L6.01,0,1648.0
TCGA.BH.A0DG.01,0,2041.0
TCGA.AR.A252.01,0,2838.0
TCGA.C8.A12Z.01,0,382.0
TCGA.BH.A202.01,0,795.0
TCGA.AO.A1KT.01,0,541.0
TCGA.D8.A1JU.01,0,447.0
TCGA.E9.A1N5.01,0,1120.0
TCGA.E2.A153.01,0,707.0
TCGA.BH.A0B7.01,0,2559.0
TCGA.D8.A1X6.01,0,541.0
TCGA.BH.A0BL.01,0,2278.0
TCGA.BH.A0DO.01,0,1644.0
TCGA.AR.A24T.01,0,3202.0
TCGA.D8.A1XZ.01,0,466.0
