,PAM50Call_RNAseq
TCGA.BH.A0BQ.01,LumA
TCGA.BH.A0BT.01,LumA
TCGA.BH.A0C7.01,LumB
TCGA.BH.A18J.01,LumA
TCGA.BH.A0W7.01,LumA
TCGA.BH.A0HA.01,LumA
TCGA.EW.A1OZ.01,LumB
TCGA.E2.A1II.01,Basal
TCGA.C8.A273.01,LumA
TCGA.BH.A1EO.01,LumA
TCGA.EW.A1P5.01,LumA
TCGA.A2.A1G0.01,LumA
TCGA.AR.A24S.01,LumB
TCGA.D8.A1XA.01,LumA
TCGA.D8.A1XR.01,LumB
TCGA.E2.A1IJ.01,LumA
TCGA.GM.A2DH.01,Her2
TCGA.B6.A0IH.01,LumA
TCGA.AR.A1AQ.01,Basal
TCGA.A1.A0SN.01,LumB
TCGA.BH.A18T.01,Basal
TCGA.E9.A22B.01,LumA
TCGA.A2.A04U.01,Basal
TCGA.D8.A1Y2.01,LumB
TCGA.E9.A229.01,LumA
TCGA.E2.A14Z.01,LumA
TCGA.D8.A1Y1.01,LumB
TCGA.A7.A13E.01,Basal
TCGA.E2.A14R.01,Basal
TCGA.E2.A1IK.01,LumA
TCGA.E2.A1IU.01,LumA
TCGA.AR.A2LE.01,LumA
TCGA.E2.A1L7.01,LumB
TCGA.E2.A14T.01,LumA
TCGA.GM.A2DM.01,LumA
TCGA.AO.A12F.01,Basal
TCGA.AC.A3HN.01,LumA
TCGA.C8.A1HN.01,LumB
TCGA.A2.A25C.01,LumB
TCGA.E9.A1N4.01,LumA
TCGA.B6.A0RH.01,Her2
TCGA.AQ.A1H3.01,LumA
TCGA.E2.A15R.01,LumA
TCGA.E9.A295.01,LumA
TCGA.BH.A18N.01,LumA
TCGA.BH.A1FL.01,LumA
TCGA.AC.A2FB.01,LumA
TCGA.D8.A1JP.01,LumA
TCGA.BH.A0BW.01,Basal
TCGA.E9.A1R5.01,LumA
TCGA.D8.A1JS.01,LumA
TCGA.AR.A1AJ.01,Basal
TCGA.BH.A0BZ.01,LumB
TCGA.AR.A24P.01,LumA
TCGA.BH.A0DI.01,LumA
TCGA.A2.A25B.01,LumB
TCGA.BH.A18G.01,Basal
TCGA.A2.A1FZ.01,LumA
TCGA.BH.A1FC.01,Basal
TCGA.E2.A14W.01,LumB
TCGA.AR.A24Z.01,LumB
TCGA.AQ.A0Y5.01,LumA
TCGA.BH.A201.01,LumA
TCGA.AR.A24H.01,LumB
TCGA.C8.A275.01,Her2
TCGA.BH.A18P.01,Her2
TCGA.A7.A26E.01,LumA
TCGA.BH.A2L8.01,LumA
TCGA.E2.A1IF.01,LumA
TCGA.E9.A1N8.01,Basal
TCGA.E9.A247.01,LumA
TCGA.D8.A27E.01,LumA
TCGA.EW.A1P0.01,LumB
TCGA.C8.A1HF.01,Her2
TCGA.E9.A244.01,Basal
TCGA.E2.A15C.01,LumA
TCGA.BH.A18I.01,LumA
TCGA.C8.A1HL.01,LumB
TCGA.C8.A3M8.01,LumB
TCGA.AR.A24W.01,LumA
TCGA.A2.A04W.01,Her2
TCGA.D8.A13Y.01,LumB
TCGA.AR.A2LO.01,LumA
TCGA.BH.A1FG.01,LumA
TCGA.AR.A0TS.01,Basal
TCGA.D8.A1XG.01,LumA
TCGA.D8.A1JJ.01,LumB
TCGA.D8.A145.01,LumA
TCGA.C8.A12M.01,LumB
TCGA.C8.A1HJ.01,Basal
TCGA.E9.A1RB.01,LumB
TCGA.E9.A1R6.01,LumA
TCGA.E9.A1R3.01,LumA
TCGA.D8.A1JK.01,Basal
TCGA.D8.A27L.01,LumA
TCGA.D8.A1JG.01,Her2
TCGA.C8.A133.01,LumA
TCGA.AR.A1AY.01,Basal
TCGA.AR.A24L.01,LumA
TCGA.BH.A1EW.01,LumA
TCGA.E2.A15O.01,LumA
TCGA.E2.A1LI.01,Basal
TCGA.D8.A1XV.01,LumA
TCGA.AR.A255.01,LumA
TCGA.AR.A1AS.01,LumA
TCGA.GM.A2DB.01,Her2
TCGA.EW.A1PH.01,Basal
TCGA.C8.A1HG.01,LumB
TCGA.BH.A18L.01,LumB
TCGA.GM.A2DK.01,LumA
TCGA.E2.A1L9.01,LumA
TCGA.C8.A12L.01,Her2
TCGA.D8.A1XY.01,LumA
TCGA.AR.A1AL.01,LumA
TCGA.D8.A1J9.01,LumB
TCGA.AR.A1AX.01,LumA
TCGA.BH.A1F6.01,Basal
TCGA.BH.A18V.01,Basal
TCGA.AR.A1AP.01,LumA
TCGA.AC.A2QH.01,Basal
TCGA.AR.A24M.01,LumA
TCGA.EW.A1OV.01,Her2
TCGA.E2.A1L8.01,LumA
TCGA.E2.A14Q.01,LumA
TCGA.BH.A18H.01,LumA
TCGA.A7.A26J.01,LumA
TCGA.D8.A27W.01,LumB
TCGA.GM.A2DL.01,LumA
TCGA.EW.A1J6.01,LumB
TCGA.E2.A159.01,Basal
TCGA.D8.A1Y3.01,LumB
TCGA.E2.A14V.01,Her2
TCGA.D8.A1JB.01,LumA
TCGA.C8.A134.01,Basal
TCGA.GM.A2DN.01,LumA
TCGA.AO.A12D.01,Her2
TCGA.C8.A274.01,LumB
TCGA.E9.A1NE.01,LumA
TCGA.BH.A0BP.01,LumA
TCGA.AR.A2LM.01,LumA
TCGA.BH.A1FR.01,LumA
TCGA.B6.A0I1.01,Basal
TCGA.D8.A1XU.01,LumA
TCGA.E2.A15G.01,LumA
TCGA.EW.A2FS.01,LumA
TCGA.E2.A1LH.01,Basal
TCGA.A2.A25D.01,LumA
TCGA.E9.A243.01,Basal
TCGA.BH.A0E9.01,LumA
TCGA.D8.A1X9.01,LumA
TCGA.E2.A14P.01,Her2
TCGA.E2.A15I.01,LumA
TCGA.BH.A0H5.01,LumA
TCGA.E9.A227.01,LumA
TCGA.EW.A2FV.01,LumA
TCGA.BH.A0BG.01,Basal
TCGA.E2.A1LA.01,LumA
TCGA.AR.A24O.01,LumA
TCGA.EW.A2FW.01,LumB
TCGA.GM.A2DA.01,LumA
TCGA.E9.A1NH.01,LumA
TCGA.AO.A12A.01,LumA
TCGA.EW.A1IW.01,LumA
TCGA.C8.A12K.01,Basal
TCGA.BH.A0BS.01,LumA
TCGA.AR.A2LK.01,LumB
TCGA.E9.A1NA.01,LumB
TCGA.BH.A18K.01,LumA
TCGA.D8.A1JL.01,Basal
TCGA.C8.A132.01,LumA
TCGA.D8.A1XS.01,LumB
TCGA.D8.A1JT.01,LumB
TCGA.C8.A12Y.01,LumA
TCGA.E9.A1QZ.01,LumA
TCGA.GM.A2D9.01,LumA
TCGA.D8.A1X7.01,LumB
TCGA.BH.A1FJ.01,LumB
TCGA.EW.A1J1.01,LumA
TCGA.D8.A142.01,Basal
TCGA.E9.A1N9.01,Basal
TCGA.D8.A1XC.01,LumA
TCGA.C8.A131.01,Basal
TCGA.E2.A1AZ.01,Basal
TCGA.C8.A138.01,Her2
TCGA.BH.A0BF.01,LumB
TCGA.BH.A1FH.01,LumA
TCGA.AR.A24U.01,Her2
TCGA.A1.A0SG.01,LumA
TCGA.B6.A0X0.01,LumA
TCGA.AR.A254.01,Her2
TCGA.D8.A1Y0.01,LumA
TCGA.BH.A18R.01,Her2
TCGA.E9.A1NG.01,LumA
TCGA.BH.A18M.01,LumA
TCGA.D8.A27H.01,Basal
TCGA.E9.A1RH.01,Her2
TCGA.E9.A22G.01,Basal
TCGA.AR.A1AW.01,LumB
TCGA.A7.A2KD.01,LumB
TCGA.EW.A1P4.01,Basal
TCGA.E9.A245.01,LumA
TCGA.C8.A3M7.01,LumA
TCGA.BH.A0DV.01,LumA
TCGA.D8.A27T.01,LumA
TCGA.EW.A1J3.01,LumA
TCGA.AC.A2BM.01,LumB
TCGA.A2.A0T3.01,LumB
TCGA.GM.A2DC.01,LumA
TCGA.C8.A12Q.01,Her2
TCGA.E9.A2JT.01,LumA
TCGA.E9.A1R7.01,LumB
TCGA.E2.A1LL.01,Basal
TCGA.E9.A1R0.01,LumA
TCGA.EW.A1PE.01,LumA
TCGA.E2.A156.01,LumA
TCGA.E2.A14Y.01,Basal
TCGA.D8.A1JN.01,LumA
TCGA.A2.A0ES.01,LumA
TCGA.BH.A1F2.01,LumB
TCGA.BH.A0B0.01,LumA
TCGA.D8.A13Z.01,Her2
TCGA.A1.A0SI.01,LumB
TCGA.E2.A14O.01,LumB
TCGA.EW.A1P3.01,LumA
TCGA.AR.A24V.01,LumA
TCGA.A7.A13F.01,LumB
TCGA.AR.A1AU.01,LumA
TCGA.E2.A1IE.01,LumA
TCGA.A7.A26G.01,Basal
TCGA.AO.A12H.01,LumA
TCGA.AC.A2FG.01,LumA
TCGA.E2.A154.01,LumA
TCGA.A2.A0EW.01,LumA
TCGA.BH.A0AU.01,LumB
TCGA.BH.A1ET.01,LumA
TCGA.AO.A03V.01,LumA
TCGA.C8.A135.01,Her2
TCGA.AR.A24N.01,LumB
TCGA.E9.A22D.01,LumB
TCGA.D8.A1JH.01,LumA
TCGA.E9.A1RE.01,LumB
TCGA.E2.A1BC.01,LumA
TCGA.AR.A24X.01,LumA
TCGA.AC.A23C.01,LumA
TCGA.AC.A23H.01,Her2
TCGA.D8.A1XF.01,LumB
TCGA.D8.A1XK.01,Basal
TCGA.E2.A15D.01,LumA
TCGA.GM.A2DF.01,Basal
TCGA.D8.A27M.01,Basal
TCGA.C8.A1HI.01,LumA
TCGA.A1.A0SF.01,LumA
TCGA.E9.A1RF.01,LumA
TCGA.E9.A1RI.01,LumA
TCGA.BH.A0DL.01,Basal
TCGA.AR.A251.01,Basal
TCGA.E2.A1B5.01,LumA
TCGA.E9.A22H.01,LumB
TCGA.BH.A0DE.01,LumA
TCGA.BH.A18S.01,LumA
TCGA.A2.A3KD.01,LumA
TCGA.AC.A2FF.01,LumA
TCGA.BH.A0H3.01,LumA
TCGA.A2.A25F.01,Basal
TCGA.A7.A26F.01,Basal
TCGA.A7.A26H.01,LumA
TCGA.BH.A28Q.01,LumA
TCGA.E2.A1LK.01,Basal
TCGA.BH.A209.01,LumB
TCGA.GI.A2C8.01,LumA
TCGA.BH.A0EA.01,LumA
TCGA.E9.A1R4.01,LumB
TCGA.BH.A18F.01,LumA
TCGA.AC.A3OD.01,LumA
TCGA.C8.A12V.01,Basal
TCGA.E9.A1RD.01,LumA
TCGA.A7.A13D.01,Basal
TCGA.D8.A1XQ.01,Basal
TCGA.D8.A141.01,LumA
TCGA.C8.A26V.01,LumB
TCGA.A2.A0CW.01,LumB
TCGA.AR.A24K.01,LumB
TCGA.C8.A27B.01,Basal
TCGA.D8.A143.01,Basal
TCGA.E9.A248.01,Her2
TCGA.A2.A04N.01,LumA
TCGA.GM.A2DI.01,LumA
TCGA.AO.A12B.01,LumA
TCGA.BH.A0DT.01,LumA
TCGA.D8.A140.01,LumA
TCGA.E2.A10A.01,LumA
TCGA.C8.A26Y.01,Her2
TCGA.B6.A2IU.01,LumA
TCGA.C8.A26Z.01,LumA
TCGA.D8.A27N.01,LumB
TCGA.D8.A27K.01,LumA
TCGA.E2.A14X.01,Basal
TCGA.A2.A1G1.01,Basal
TCGA.A7.A26I.01,Basal
TCGA.A7.A0DA.01,Basal
TCGA.E2.A15E.01,LumA
TCGA.E2.A1LG.01,Basal
TCGA.E2.A15L.01,LumA
TCGA.E2.A15S.01,LumB
TCGA.E2.A1B1.01,LumA
TCGA.C8.A27A.01,LumB
TCGA.D8.A1JI.01,LumB
TCGA.E9.A1N3.01,LumA
TCGA.D8.A1JC.01,LumB
TCGA.E2.A15P.01,LumA
TCGA.C8.A1HE.01,LumA
TCGA.E2.A1IG.01,LumA
TCGA.AR.A24Q.01,Basal
TCGA.E2.A1B4.01,LumA
TCGA.C8.A12T.01,Her2
TCGA.D8.A147.01,Basal
TCGA.D8.A27V.01,LumA
TCGA.E9.A228.01,LumB
TCGA.D8.A1XM.01,LumA
TCGA.E2.A1IL.01,LumA
TCGA.E2.A150.01,Basal
TCGA.BH.A0BO.01,LumA
TCGA.BH.A1F0.01,Basal
TCGA.A2.A0CS.01,LumA
TCGA.EW.A2FR.01,Her2
TCGA.BH.A203.01,Her2
TCGA.A2.A1FX.01,LumB
TCGA.BH.A1EX.01,LumA
TCGA.HN.A2NL.01,Basal
TCGA.E2.A1IO.01,LumA
TCGA.BH.A1FM.01,LumB
TCGA.D8.A1J8.01,LumB
TCGA.BH.A1F8.01,LumB
TCGA.A2.A0CV.01,LumA
TCGA.B6.A0WS.01,LumA
TCGA.BH.A1EV.01,Her2
TCGA.EW.A1IX.01,LumA
TCGA.E2.A15K.01,LumB
TCGA.AR.A1AR.01,Basal
TCGA.E9.A1R2.01,LumA
TCGA.AQ.A1H2.01,LumA
TCGA.E2.A15H.01,LumA
TCGA.AR.A1AV.01,LumA
TCGA.C8.A12P.01,Her2
TCGA.C8.A12X.01,LumA
TCGA.E9.A226.01,LumB
TCGA.E2.A158.01,Basal
TCGA.C8.A137.01,Her2
TCGA.BH.A0DD.01,LumB
TCGA.A2.A259.01,LumA
TCGA.EW.A1PA.01,LumA
TCGA.E9.A24A.01,LumA
TCGA.BH.A204.01,LumB
TCGA.A1.A0SD.01,LumA
TCGA.E2.A1IN.01,LumA
TCGA.BH.A18U.01,LumB
TCGA.D8.A1JF.01,Her2
TCGA.E2.A1IH.01,LumA
TCGA.AR.A1AH.01,Basal
TCGA.AR.A250.01,LumB
TCGA.C8.A12U.01,LumB
TCGA.EW.A1P6.01,LumA
TCGA.BH.A0C1.01,LumA
TCGA.BH.A0AV.01,Basal
TCGA.D8.A1JD.01,LumB
TCGA.AC.A2FO.01,LumA
TCGA.AR.A2LN.01,LumA
TCGA.E2.A1BD.01,LumA
TCGA.AR.A24R.01,LumB
TCGA.D8.A1XT.01,Her2
TCGA.EW.A1IY.01,LumB
TCGA.A2.A1FW.01,LumB
TCGA.E2.A155.01,LumB
TCGA.EW.A1PB.01,Basal
TCGA.E2.A15M.01,LumA
TCGA.C8.A1HM.01,LumB
TCGA.D8.A27F.01,Basal
TCGA.E9.A1RC.01,LumA
TCGA.D8.A1XB.01,LumA
TCGA.A2.A0D3.01,LumA
TCGA.E2.A152.01,Her2
TCGA.AC.A2B8.01,LumA
TCGA.E2.A1B0.01,Her2
TCGA.BH.A1EU.01,LumA
TCGA.AR.A1AK.01,LumA
TCGA.E9.A2JS.01,LumB
TCGA.C8.A1HK.01,Her2
TCGA.BH.A1FN.01,LumB
TCGA.A2.A25E.01,LumB
TCGA.E9.A22E.01,LumB
TCGA.BH.A18Q.01,Basal
TCGA.A2.A1FV.01,LumA
TCGA.EW.A1P8.01,Basal
TCGA.C8.A26W.01,LumB
TCGA.E2.A1LB.01,Her2
TCGA.BH.A0DX.01,LumA
TCGA.EW.A1J5.01,LumA
TCGA.BH.A1F5.01,LumA
TCGA.C8.A12W.01,LumB
TCGA.AO.A1KR.01,Basal
TCGA.EW.A1PD.01,LumA
TCGA.E2.A14N.01,Basal
TCGA.AR.A1AN.01,LumA
TCGA.D8.A1X5.01,LumB
TCGA.AR.A256.01,Basal
TCGA.C8.A12O.01,LumA
TCGA.E9.A249.01,LumB
TCGA.BH.A0AZ.01,LumA
TCGA.D8.A1JE.01,LumB
TCGA.D8.A27R.01,LumB
TCGA.C8.A278.01,Her2
TCGA.A7.A13G.01,LumA
TCGA.D8.A27I.01,LumA
TCGA.BH.A0EI.01,LumA
TCGA.E2.A15A.01,LumB
TCGA.BH.A1EY.01,LumA
TCGA.E9.A1NF.01,LumB
TCGA.C8.A130.01,LumB
TCGA.D8.A1XL.01,LumB
TCGA.C8.A12N.01,LumA
TCGA.GM.A2DO.01,LumB
TCGA.AC.A23E.01,LumA
TCGA.C8.A26X.01,Her2
TCGA.B6.A1KN.01,LumB
TCGA.EW.A1OX.01,LumB
TCGA.BH.A0C3.01,LumB
TCGA.E9.A22A.01,LumB
TCGA.AR.A1AI.01,Basal
TCGA.AC.A2BK.01,Basal
TCGA.C8.A1HO.01,LumA
TCGA.D8.A1XO.01,LumA
TCGA.E2.A15J.01,LumA
TCGA.BH.A1FE.01,LumA
TCGA.D8.A27G.01,LumA
TCGA.D8.A27P.01,LumA
TCGA.E2.A1L6.01,LumA
TCGA.BH.A0DG.01,LumA
TCGA.AR.A252.01,LumA
TCGA.C8.A12Z.01,Her2
TCGA.BH.A202.01,LumB
TCGA.AO.A1KT.01,LumB
TCGA.D8.A1JU.01,LumA
TCGA.E9.A1N5.01,LumA
TCGA.E2.A153.01,LumA
TCGA.BH.A0B7.01,Her2
TCGA.D8.A1X6.01,LumB
TCGA.BH.A0BL.01,Basal
TCGA.BH.A0DO.01,LumA
TCGA.AR.A24T.01,LumA
TCGA.D8.A1XZ.01,LumB
